LF204;LF371   
LF371;LF372   
LF362;LF475   
LF371;LF475   
LF362;LN440F  
LG204;LG371   
LG371;LG372   
LG362;LG475   
LG371;LG475   
LG204;LN440G  
LP204;LP371   
LP371;LP372   
LP362;LP475   
LP371;LP475   
LP475;LP483   
LP475;LP484   
LP475;LP485   
LS204;LS371   
LS371;LS372   
LS362;LS475   
LS371;LS475   
LS385;LS485   
LS475;LS485   
LS385;LS486   
LS475;LS486   
EV365;EV386   
HI104;HI341   
HI108;HI341   
HI154;HI341   
HI158;HI341   
HI158;HI343   
HI104;HI343   
HI108;HI343   
HI154;HI343   
HI104;HI364   
HI108;HI364   
HI154;HI364   
HI158;HI364   
HI104;HI368   
HI108;HI368   
HI154;HI368   
HI158;HI368   
SS202;SS377   
SS252;SS377   
SS307;DS455   
SS357;DS455   
EV203;EV365   
EV203X;EV365   
EV365;EV386   
EV203;EV482   
EV203X;EV482   
HI104;HI341   
HI108;HI341   
HI154;HI341   
HI158;HI341   
HI158;HI343   
HI104;HI343   
HI108;HI343   
HI154;HI343   
HI108;HI344   
HI154;HI344   
HI158;HI344   
HI104;HI344   
HI104;HI358   
HI108;HI358   
HI154;HI358   
HI158;HI358   
HI104;HI364   
HI108;HI364   
HI154;HI364   
HI158;HI364   
HI104;HI368   
HI108;HI368   
HI154;HI368   
HI158;HI368   
HI108;HI381   
HI154;HI381   
HI158;HI381   
HI104;HI381   
HI104;HI391   
HI108;HI391   
HI154;HI391   
HI158;HI391   
SS202;SS366   
SS252;SS366   
SS202;SS377   
SS252;SS377   
SS202;SS381   
SS252;SS381   
SS307;SS465   
SS357;SS465   
SS202;SS475   
SS252;SS475   
SS307;SS479   
SS360;SS479   
SS357;SS479   
SS360;SS479   
SS382;SS484   
SS388;SS484   
SS307;SS486   
SS357;SS486   
SS307;SS487   
SS357;SS487   
