"CH474;CH384
"
"CE399;CE300
"
"CE399;CE302
"
"XE472;MA205
"
"CH371;CH102
"
"EE477;EE363
"
"EM481;MA206
"
"EV385;PH204
"
"MC300;CE300
"
"MA396;IT105
"
"NE300;PH254
"
"CE364;MA255
"
"EV385;PH202
"
"MC306;PH251
"
"EM420;MA206
"
"CH472;CH481
"
"MC364;MA205
"
"CH385;CH152
"
"MC311;MA205
"
"MA371;MA255
"
"MC364;MC300
"
"EV301;EV300
"
"EV350;EV385
"
"CH362;CH152
"
"CE491;CE453
"
"MC478;CE364
"
"EE477;EE362
"
"CH365;MA366
"
"PL386;PL150
"
"ME387;ME312
"
"SE481;MA206
"
"CE492;CE454
"
"PH481;PH363
"
"EE360;IT105
"
"PL386;PL100
"
"CY305;IT155
"
"XE472;EE302
"
"MC306;PH201
"
"MC306;MC300
"
"EE360;EE300
"
"MC306;PH205
"
"CE483;CE403
"
"MC312;ME312
"
"CE364;CE300
"
"NE450;NE300
"
"MC312;ME311
"
"EV350;CH102
"
"PH256;PH201
"
"SM484;EM484
"
"PH256;PH206
"
"PH256;PH205
"
"MC486;MC364
"
"EV350;MA205
"
"EV394;EV203
"
"CE380;EM362
"
"XE472;EE301
"
"PH361;PH256
"
"MC311;CH151
"
"MC311;PH205
"
"PH206;PH205
"
"CE495;CE380
"
"MC311;PH201
"
"PH206;PH201
"
"EE301;EE302
"
"CE399;MC302
"
"CY355;IT155
"
"CE450;CE350
"
"MC300;MA104
"
"CE491;CE403
"
"CH400;CH459
"
"EV385;EV350
"
"MA255;MA205
"
"CE380;MA206
"
"CE371;ME362
"
"MA396;CS105
"
"EE301;MA255
"
"CY305;IT305
"
"CH383;CH381
"
"CH402;CH485
"
"MC380;ME380
"
"PH361;PH206
"
"CE380;ME362
"
"MA366;MA255
"
"PH361;PH202
"
"IT355;CS155
"
"MC306;CE300
"
"CH474;PH204
"
"SE388;SE387
"
"EM481;SE481
"
"CH474;PH254
"
"IT305;PH252
"
"CH474;PH256
"
"CH364;CH362
"
"MC300;PH251
"
"CH474;PH252
"
"EE489;EE362
"
"EE489;EE363
"
"CE404;CE453
"
"IT355;EV203
"
"MC364;CE364
"
"EV350;CH152
"
"CH490;CH489
"
"ME481;ME387
"
"ME491;MC312
"
"MC311;MA255
"
"ME491;MC311
"
"IT305;CS155
"
"MC312;MC311
"
"ME480;MC312
"
"CH365;CH364
"
"IT355;PH204
"
"SE375;MA206
"
"CH472;CH384
"
"IT305;EV203
"
"MA364;MA205
"
"EV385;MA255
"
"XS391;CH102
"
"MC486;MA364
"
"NE300;PH252
"
"CH383;CH152
"
"CH365;CH363
"
"CE364;MA205
"
"ME481;MC311
"
"ME480;ME312
"
"EE360;CS105
"
"PH481;PH365
"
"MC478;MC364
"
"XE475;EE360
"
"MC486;MC306
"
"CE371;CE302
"
"ME480;MA364
"
"IT305;SS252
"
"EV385;EV385B
"
"MA396;IT155
"
"SS469;MA476
"
"MA205;MA104
"
"IT305;IT155
"
"CH485;MC311
"
"CH485;MC312
"
"ME387;MC300
"
"CE492;CE483
"
"XE472;MA255
"
"CE380;EM302
"
"EE489;EE363A
"
"EV385;CH152
"
"IT355;MA206
"
"EV398;EV203
"
"PH365;PH202
"
"CH102;CH101
"
"CH473;CH384
"
"IT355;IT105
"
"MC486;ME486
"
"XE475;XE472
"
"CH385;CH102
"
"EE301;PH204
"
"CS350;CS301
"
"MA376;MA206
"
"ME481;ME311
"
"XS391;MA104
"
"PH365;PH256
"
"ME472;MC312
"
"PH365;PH254
"
"CH362;CH102
"
"CH471;CH152
"
"CE492;CE404
"
"EE360;CS155
"
"MA396;MA205
"
"MC380;CH152
"
"MC306;PH255
"
"ME388;MC312
"
"ME370;MA205
"
"CE403;CE364
"
"MA371;MA205X
"
"MC300;MA255
"
"MA376;SE375
"
"CH402;CH459
"
"IT305;MA206
"
"PL386;MA376
"
"CY355;IT105
"
"ME388;ME370
"
"PH365;PH204
"
"CE450;MC300
"
"ME387;MC312
"
"PH256;PH251
"
"MA366;MA364
"
"PH206;PH251
"
"CH481;CH383
"
"MC311;CH101
"
"PH206;PH256
"
"PH206;PH255
"
"MA366;MA363
"
"SS469;SS368
"
"EE477;EE363A
"
"CH400;CH485
"
"EV481;EV450
"
"EV385;MA205
"
"MA366;MA205
"
"CH487;CH474
"
"MC380;MC364
"
"NE350;NE300
"
"SE388;MA206
"
"CH387;CH375
"
"CH400;CH365
"
"CH385;CH375
"
"EV401;XS391
"
"CH471;CH102
"
"SE375;MA376
"
"CS350;IT305
"
"ME388;MC300
"
"CE492;CE380
"
"IT305;PH204
"
"IT305;IT105
"
"IT305;PH202
"
"NE300;PH202
"
"EV350;EV301
"
"EV401;ME311
"
"CS350;CS393
"
"NE300;PH204
"
"EV350;EV300
"
"IT355;CS105
"
"ME472;ME312
"
"MC300;PH201
"
"MC311;PH255
"
"MC300;PH205
"
"EE301;MA205
"
"CH402;CH365
"
"MC380;CE364
"
"IT355;PH254
"
"EE477;MA206
"
"MC364;MA255
"
"CH375;CH151
"
"MC300;PH255
"
"CY355;IT305
"
"CY305;IT105
"
"CH459;CH363
"
"CH459;CH362
"
"CH459;CH364
"
"CH485;ME311
"
"CE399;MC300
"
"MA255;MA153
"
"IT355;SS202
"
"CH383;CH102
"
"MA364;MA366
"
"XS391;CH152
"
"EE377;EE302
"
"MA364;MA363
"
"CE472;CE371
"
"EE360;IT155
"
"PH256;PH255
"
"PH361;PH365
"
"EV350;MA255
"
"EE477;EE381
"
"PH256;PH252
"
"CH371;CH152
"
"CY305;CY355
"
"MA371;MA205
"
"SS368;MA206
"
"MC311;PH251
"
"EV398;EV203X
"
"IT305;IT355
"
"MA205;MA255
"
"PH481;MA206
"
"CE380;CE302
"
"EV301;EV203
"
"MA476;MA206
"
"CH365;MC312
"
"XE472;EE350
"
"CH102;CH152
"
"SE301;MA206
"
"IT305;SS202
"
"MC364;CE300
"
"CH473;CH385
"
"MA396;CS155
"
"CH473;CH383
"
"CH384;CH383
"
"CE491;MA364
"
"CH474;CH371
"
"MC311;ME311
"
"EV385;CH102
"
"IT355;IT155
"
"EE301;PH252
"
"EV385;PH254
"
"EV385;PH252
"
"EE301;PH254
"
"CH474;PH206
"
"CE390;EV203
"
"EV388A;EV399A
"
"CH474;PH202
"
"EE301;PH202
"
"PH365;PH206
"
"IT355;SS252
"
"MC380;CH102
"
"CE390;EV203X
"
"MA396;MA255
"
"CH482;CH481
"
"CH363;CH362
"
"CH485;MA366
"
"IT355;IT305
"
"IT305;CS105
"
"PH361;PH252
"
"MC300;MA205
"
"CE404;CE403
"
"CE495;CE371
"
"ME387;MC311
"
"CH102;CH151
"
"EE377;EE301
"
"MC306;ME306
"
"CE380;EM362A
"
"CE492;CE371
"
"PH365;PH252
"
"EE301;EE350
"
"IT305;PH254
"
"ME370;MA255
"
"ME491;ME311
"
"ME491;ME312
"
"CH375;CH101
"
"CE371;CE364
"
"EV301;EV390A
"
"MC478;CE478
"
"CY355;CY305
"
"EV388A;EV203
"
MA364;MA255
