LF204;LF371   
LF371;LF372   
LF362;LF475   
LF371;LF475   
LF362;LN440F  
LP204;LP371   
LP371;LP372   
LP362;LP475   
LP371;LP475   
LP475;LP483   
LP475;LP484   
LP475;LP485   
EV365;EV375   
HI104;HI341   
HI108;HI341   
HI154;HI341   
HI158;HI341   
HI104;HI345   
HI108;HI345   
HI154;HI345   
HI158;HI345   
SS202;SS485   
SS252;SS485   
SS307;DS455   
SS357;DS455   
EV203;EV365   
EV203X;EV365   
EV365;EV375   
EV203;EV482   
EV203X;EV482   
HI104;HI341   
HI108;HI341   
HI154;HI341   
HI158;HI341   
HI108;HI344   
HI154;HI344   
HI158;HI344   
HI104;HI344   
HI104;HI345   
HI108;HI345   
HI154;HI345   
HI158;HI345   
HI104;HI358   
HI108;HI358   
HI154;HI358   
HI158;HI358   
HI108;HI381   
HI154;HI381   
HI158;HI381   
HI104;HI381   
HI104;HI391   
HI108;HI391   
HI154;HI391   
HI158;HI391   
SS202;SS366   
SS252;SS366   
SS202;SS381   
SS252;SS381   
SS307;SS465   
SS357;SS465   
SS202;SS475   
SS252;SS475   
SS307;SS479   
SS360;SS479   
SS357;SS479   
SS360;SS479   
SS382;SS484   
SS388;SS484   
SS202;SS485   
SS252;SS485   
SS307;SS486   
SS357;SS486   
SS307;SS487   
SS357;SS487   
