PL100;PL361   
PL150;PL361   
PL100;PL383   
PL150;PL383   
PL100;PL387   
PL150;PL387   
PL361;PL462   
PL100;MG379   
PL150;MG379   
PL300;PL398   
PL350;PL398   
PL100;PL250   
PL150;PL250   
PL100;PL360   
PL150;PL360   
PL100;PL373   
PL150;PL373   
PL100;PL376   
PL150;PL376   
MA376;PL391   
PL386;PL391   
PL390;PL391   
PL100;PL392   
PL150;PL392   
PL100;PL470   
PL150;PL470   
CH101;CH375   
CH151;CH375   
CH375;CH385   
CH375;CH387   
PH201;PH206   
PH205;PH206   
PH251;PH206   
PH255;PH206   
PL100;PL393   
PL150;PL393   
HI104;HI398   
HI108;HI398   
HI154;HI398   
HI158;HI398   
HI104;HI463   
HI108;HI463   
HI154;HI463   
HI158;HI463   
PL100;PL371   
PL150;PL371   
PL100;PL372   
PL150;PL372   
PL100;PL377   
PL150;PL377   
SS202;SS370   
SS252;SS370   
SS307;SS476   
SS357;SS476   
SS307;XH467   
SS357;XH467   
HI104;HI461   
HI108;HI461   
HI154;HI461   
HI158;HI461   
PL100;PL377   
PL150;PL377   
SS202;SS381   
SS252;SS381   
SS202;SS392   
SS360;SS392   
SS252;SS392   
SS360;SS392   
SS307;DS455   
SS357;DS455   
PL300;PL482   
PL350;PL482   
SS307;SS465   
SS357;SS465   
PH202;KN360   
PH252;KN360   
PL100;PL394   
PL150;PL394   
EV203;EV365   
EV203X;EV365   
HI104;HI398   
HI108;HI398   
HI154;HI398   
HI158;HI398   
LA483;LA484   
LA204;LN380   
LS204;LN380   
LF204;LN380   
LC204;LN380   
LG362;LN380   
LR362;LN380   
LP362;LN380   
LS362;LN380   
LG204;LN380   
LP204;LN380   
LR204;LN380   
LA362;LN380   
LC362;LN380   
LF362;LN380   
SS202;SS381   
SS252;SS381   
MA205;MA391   
MA255;MA391   
MA206;MA476   
MA206;MA490   
CS300;IT383   
CS301;IT383   
IT300;IT383   
CY300;IT383   
IT105;IT460   
SS307;IT460   
IT105;IT460   
SS357;IT460   
IT155;IT460   
SS307;IT460   
IT155;IT460   
SS357;IT460   
MA205;PL396   
PL100;PL396   
MA153;PL396   
PL100;PL396   
PL392;PL475   
SS201;SS394   
SS251;SS394   
CH101;CH102   
CH151;CH102   
CH101;CH275   
CH151;CH275   
CH101;CH375   
CH151;CH375   
PH201;PH206   
PH205;PH206   
PH251;PH206   
PH255;PH206   
PH205;PH256   
PH255;PH256   
PH201;PH256   
PH251;PH256   
IT105;CY305   
IT155;CY305   
IT105;CY355   
IT155;CY355   
IT105;CY305   
IT155;CY305   
IT105;CY355   
IT155;CY355   
PL100;PL361   
PL150;PL361   
PL361;PL462   
