EV203;EV365   
EV203X;EV365   
EV365;EV372   
HI104;HI337   
HI108;HI337   
HI154;HI337   
HI158;HI337   
SS202;SS366   
SS252;SS366   
SS202;SS372   
SS252;SS372   
LC204;LC371   
LC371;LC372   
LC362;LC475   
LC371;LC475   
LC483;LC484   
LC362;LN440C  
SS307;DS455   
SS357;DS455   
HI108;HI344   
HI154;HI344   
HI158;HI344   
HI104;HI344   
HI104;HI347   
HI108;HI347   
HI154;HI347   
HI158;HI347   
HI104;HI391   
HI108;HI391   
HI154;HI391   
HI158;HI391   
SS202;SS374   
SS252;SS374   
SS201;SS385   
SS251;SS385   
SS382;SS484   
SS388;SS484   
SS307;SS487   
SS357;SS487   
EV203;EV482   
EV203X;EV482   
LA475;LN490   
LC475;LN490   
LF475;LN490   
LG475;LN490   
LP475;LN490   
LR475;LN490   
LS475;LN490   
SS307;SS486   
SS357;SS486   
CH101;CH102   
CH151;CH102   
CH101;CH275   
CH151;CH275   
PH201;PH206   
PH205;PH206   
PH251;PH206   
PH255;PH206   
PH205;PH256   
PH255;PH256   
PH201;PH256   
PH251;PH256   
IT105;CY305   
IT155;CY305   
IT105;CY355   
IT155;CY355   
IT105;CY305   
IT155;CY305   
IT105;CY355   
IT155;CY355   
LA475;LN490   
LC475;LN490   
LF475;LN490   
LG475;LN490   
LP475;LN490   
LR475;LN490   
LS475;LN490   
