"SS490B;SS307
"
"XE472;MA205
"
"HI361;HI158
"
"EE477;EE363
"
"EE477;EE362
"
"HI361;HI154
"
"SS373;SS252
"
"MC300;CE300
"
"NE300;PH252
"
"NE300;PH255
"
"NE300;PH254
"
"SS490C;SS307
"
"EN362;PY201
"
"MC364;MA205
"
"HI372;HI108
"
"SS370;SS202
"
"EV391A;EV203X
"
"LG475;LG385
"
"HI347;HI108
"
"CH362;CH152
"
"SS387;SS382
"
"SS382;MA205
"
"EE301;PH202
"
"SS481;SS252
"
"ME388;ME370
"
"HI359;HI158
"
"SS386;SS252
"
"HI395;HI104
"
"SS487;SS357
"
"LP475;LP385
"
"LF485;LF385
"
"CE493;CE371
"
"SS383;SS357
"
"LF475;LF362
"
"MA396;IT105
"
"CE403;MC364
"
"SS375;SS357
"
"MC478;MC364
"
"SS479;SS357
"
"SS473;SS307
"
"SS387;SS360
"
"LG476;LG475
"
"HI349;HI108
"
"CS393;IT305
"
"EV394;EV203
"
"EV301;EV390A
"
"MC311;CH151
"
"EN370;EN394
"
"LN380;LC362
"
"IT384;IT300
"
"EE381;EE302
"
"CH385;CH375
"
"LR483;LR475
"
"SS381;SS366
"
"SS381;SS202
"
"LP485;LP475
"
"LN380;LA362
"
"SS388;SS251
"
"SS390;SS360
"
"LZ475;LZ371
"
"SS387;SS251
"
"CH383;CH381
"
"CH402;CH485
"
"LN380;LA204
"
"SS390;SS368
"
"EE302;PH202
"
"SS376;SS202
"
"SS475;SS307
"
"LP482;LP475
"
"HI385;HI158
"
"SS394;SS201
"
"SE385;MA206
"
"SS374;SS307
"
"LG204;LG203
"
"HI391;HI158
"
"CE380;EM362A
"
"MC300;PH255
"
"HI391;HI104
"
"MC300;PH251
"
"HI357;HI154
"
"EE489;EE362
"
"EE489;EE363
"
"CE404;CE453
"
"HI357;HI158
"
"IT355;EV203
"
"CE489A;CE489
"
"HI391;HI108
"
"CE483;CE403
"
"PY380;PY377
"
"LS483;LS475
"
"SE375;MA206
"
"CH472;CH384
"
"HI348;HI154
"
"EV385;MA255
"
"XS391;CH102
"
"CH383;CH152
"
"CS301;IT155
"
"SS476;SS357
"
"HI348;HI158
"
"CE364;MA205
"
"LR484;LR475
"
"PL387;PL100
"
"MA493E;MA487
"
"SE481;MA206
"
"LS371;LS361
"
"CE390;EV203
"
"ME480;MA364
"
"EE302;EE350
"
"SS469;MA476
"
"LP475;LP371
"
"CE492;CE483
"
"CE380;EM302
"
"SS490D;SS201
"
"HI342;HI158
"
"IT355;IT105
"
"SS480;SS202
"
"PL383;PL100
"
"HI396;HI158
"
"CH383;CH102
"
"LN490;LA475
"
"LP204;LP203
"
"HI396;HI154
"
"EV478;EV203X
"
"CH362;CH102
"
"SS377;SS307
"
"MA371;MA205
"
"DS385;MS385
"
"HI359;HI104
"
"HI391;HI154
"
"SS382;SS201
"
"CY350;CY300
"
"HI359;HI108
"
"SS480;SS386
"
"CY350;CY305
"
"LA484;LA483
"
"SS494;SS394
"
"HI345;HI108
"
"LR486;LR385
"
"SE387;IT105
"
"CH402;CH459
"
"IT305;MA206
"
"CY355;IT105
"
"HI347;HI104
"
"HI345;HI104
"
"SS476;SS307
"
"PH206;PH251
"
"PH206;PH256
"
"PH206;PH255
"
"SS469;SS368
"
"CH400;CH485
"
"EV481;EV450
"
"LR372;LR371
"
"HI355;HI108
"
"SS485;SS357
"
"LR486;LR475
"
"SS494;SS201
"
"EV375;EV374
"
"NE350;NE300
"
"EE486;EE362
"
"HI339;HI104
"
"CY305;IT155
"
"HI367;HI104
"
"LG371;LG204
"
"PH361;PH252
"
"IT305;PH204
"
"HI339;HI108
"
"IT305;PH202
"
"PL498;PL361
"
"NE300;PH202
"
"IT460;IT105
"
"NE300;PH204
"
"NE300;PH205
"
"MA383;MA205
"
"SS475;SS357
"
"EV377;EV203X
"
"LA472;LA475
"
"IT355;PH254
"
"EE477;MA206
"
"MC364;MA255
"
"CE491;CE403
"
"CH459;CH363
"
"CH459;CH362
"
"CH459;CH364
"
"HI359;HI154
"
"EV384;EV365
"
"SS463;SS382
"
"CE494;CE493
"
"SS487;SS307
"
"LC475;LC362
"
"LS476;LS386
"
"PH256;PH255
"
"CS380;CS301
"
"CS380;EE360
"
"PH256;PH251
"
"PH256;PH252
"
"SS366;SS202
"
"MC311;PH255
"
"KN365;PL150
"
"MA386;CS155
"
"MC311;PH251
"
"SE385;SE301
"
"MA205;MA255
"
"HI343;HI108
"
"EV301;EV203
"
"EV377;CS105
"
"HI343;HI104
"
"HI376;HI158
"
"XS391;MA104
"
"LN490;LP475
"
"HI368;HI154
"
"LR485;LR475
"
"CH102;CH152
"
"CH102;CH151
"
"CH473;CH385
"
"CH473;CH384
"
"CH473;CH383
"
"HI368;HI158
"
"LG484;LG475
"
"SE387;CS155
"
"LN490;LG475
"
"EV385;CH102
"
"HI367;HI158
"
"EE302;PH206
"
"LS485;LS385
"
"EE302;PH204
"
"SS384;SS202
"
"EP374;PY201
"
"CH474;PH202
"
"CY300;IT300
"
"LF204;LF203
"
"CS403;CS384
"
"EV486;EV365
"
"LS475;LS371
"
"SS484;SS388
"
"EV486;EV203
"
"MC364;CE364
"
"IT305;CS105
"
"SS475;SS252
"
"EE360;CS155
"
"EV350;MA205
"
"DS485;DS385
"
"DS460;MS460
"
"LF483;LF475
"
"EV365;EV203X
"
"HI348;HI108
"
"SS372;SS307
"
"SS385;SS251
"
"ME491;ME311
"
"ME491;ME312
"
"CE371;CE364
"
"HI397;HI154
"
"MC478;CE478
"
"HI348;HI104
"
"CH371;CH102
"
"LS492;LS475
"
"CE389A;CE389
"
"LG372;LG371
"
"HI385;HI108
"
"PL387;PL150
"
"PL396;MA205
"
"PL383;PL150
"
"CE364;MA255
"
"CE495;CE380
"
"PL396;PL100
"
"HI463;HI104
"
"LR371;LR204
"
"EE301;MA255
"
"HI376;HI104
"
"EE302;EE301
"
"HI376;HI108
"
"CH385;CH152
"
"HI463;HI108
"
"LC484;LC483
"
"MC364;MC300
"
"EE383;PH202
"
"HI342;HI108
"
"SS497;SS368
"
"ME481;MC311
"
"CY450;CS482
"
"CS486;EE300
"
"CH365;MA366
"
"SS466;SS465
"
"HI342;HI104
"
"SS497;SS360
"
"CE492;CE454
"
"HI461;HI154
"
"HI358;HI104
"
"PH481;MA206
"
"LG492;LG475
"
"LS486;LS475
"
"EE383;PH206
"
"LR371;LR362
"
"HI358;HI108
"
"MC312;ME312
"
"NE450;NE300
"
"MC312;ME311
"
"LA372;LA371
"
"EV372;EV372A
"
"SM484;EM484
"
"MA371;MA255
"
"ME481;ME311
"
"LA486;LA475
"
"SS382;SS251
"
"CY350;CY355
"
"HI344;HI158
"
"SS368;MA206
"
"CE493;CE403
"
"PY345;PY381
"
"CY355;IT155
"
"HI345;HI154
"
"IT384;CY300
"
"MA381;MA255
"
"EE377;EE301
"
"HI345;HI158
"
"LP492;LP475
"
"SE388;SE387
"
"CE380;MA206
"
"CE450;CE350
"
"LG476;LG386
"
"MA367;MA481
"
"EE489;EE363A
"
"SS375;SS307
"
"SS465;SS357
"
"SS485;SS307
"
"LF475;LF371
"
"CE380;ME362
"
"SS383;SS252
"
"EN370;PY201
"
"EN362;EN342
"
"IT355;CS155
"
"CH474;PH204
"
"CH474;PH254
"
"IT305;PH252
"
"CH474;PH256
"
"IT305;PH254
"
"HI398;HI104
"
"EE487;EE475
"
"HI398;HI108
"
"CY350;IT155
"
"EV350;CH152
"
"EV394;MA205
"
"HI372;HI104
"
"CS301;IT105
"
"SS475;SS366
"
"CS478;CS403
"
"EV377;IT155
"
"LA371;LA204
"
"IT355;PH204
"
"LN490;LC475
"
"SS479;SS360
"
"SS364;MA206
"
"HI461;HI108
"
"LG475;LG362
"
"LP371;LP361
"
"HI461;HI104
"
"CE401;CE494
"
"SS387;SS368
"
"CH365;CH363
"
"PY369;PY380
"
"EE487;CS380
"
"DS489;MS489
"
"CH365;CH364
"
"EN351;PY201
"
"EV401;MC311
"
"LG485;LG475
"
"SS490D;SS251
"
"CE380;ME311
"
"MA386;MA255
"
"CH485;MC311
"
"CH485;MC312
"
"DS497;SS457
"
"PL373;PL150
"
"HI346;HI104
"
"PL482;PL300
"
"HI343;HI154
"
"EV377;CS155
"
"PY380;PY201
"
"EV398;EV203
"
"HI343;HI158
"
"CH102;CH101
"
"EE487;EE375
"
"PL396;MA153
"
"MC380;CE364
"
"HI346;HI108
"
"LG371;LG361
"
"LA476;LA386
"
"LS476;LS475
"
"CH363;CH362
"
"SS381;SS307
"
"LG371;LG362
"
"LN380;LS362
"
"LG486;LG475
"
"PH365;PH256
"
"EV373;EV373A
"
"PH365;PH254
"
"PH365;PH252
"
"CH471;CH152
"
"MA464;MA206
"
"CS385;CS384
"
"HI385;HI351
"
"LR371;LR361
"
"SS384;SS252
"
"HI356;HI104
"
"MC300;MA255
"
"CS484;IT350
"
"MG379;PL150
"
"XE442;EE302
"
"XE442;EE301
"
"LP481;LP475
"
"EV365;EV203
"
"LN380;LP204
"
"MA366;MA364
"
"HI395;HI154
"
"CH481;CH383
"
"MA490;MA206
"
"ME480;MC312
"
"MA366;MA363
"
"CS350;CS301
"
"LS372;LS371
"
"PY326;PY201
"
"SE388;MA206
"
"EV401;XS391
"
"LN380;LC204
"
"SS465;SS307
"
"CE404;CE403
"
"ME388;MC300
"
"CE492;CE380
"
"SS490C;SS357
"
"MA466;MA206
"
"CE495;CE371
"
"MC311;MA205
"
"SS382;MA255
"
"LN490;LS475
"
"EE301;MA205
"
"CH402;CH365
"
"MA205;MA104
"
"LG483;LG385
"
"LR475;LR385
"
"IT305;EV203
"
"EV386;EV386F
"
"HI347;HI158
"
"CE493;CE483
"
"HI358;HI158
"
"EV375;EV365
"
"EE489A;EE489
"
"PL371;PL150
"
"HI358;HI154
"
"CS400;XE401
"
"SS373;SS202
"
"LC476;LC386
"
"PH361;PH365
"
"CS393;IT355
"
"CH471;CH102
"
"LR475;LR362
"
"CS301;CS155
"
"CS393;CS350
"
"EV398;EV203X
"
"IT305;IT355
"
"EE362;EE302
"
"HI301;HI104
"
"EE362;EE301
"
"HI301;HI108
"
"LF483;LF385
"
"CH365;MC312
"
"CS384;CY300
"
"CE371;MC364
"
"SS377;SS202
"
"IT305;SS202
"
"MC364;CE300
"
"XH467;SS357
"
"ME387;ME312
"
"CS486;CS384
"
"IT460;SS357
"
"SS387;SS201
"
"XE401;EE362
"
"CH275;CH101
"
"EE301;PH252
"
"SE485;MA376
"
"EE301;PH254
"
"PH365;PH202
"
"SS374;SS357
"
"PH365;PH204
"
"PH365;PH206
"
"IT355;SS252
"
"HI357;HI104
"
"IT305;IT105
"
"SS383;SS202
"
"LF475;LF385
"
"EV391A;EV203
"
"CE390;EV203X
"
"SS464;SS307
"
"MA386;IT105
"
"LN380;LR204
"
"LC475;LC371
"
"IT355;IT305
"
"LN380;LR362
"
"LF371;LF204
"
"HI301;HI351
"
"CS394;IT394
"
"HI372;HI158
"
"HI364;HI158
"
"EE483;EE362
"
"EE302;MA255
"
"MA383;MA255
"
"CY350;IT105
"
"EE482;EE383
"
"SS478;SS357
"
"EE482;EE381
"
"LP476;LP386
"
"HI364;HI154
"
"MA386;MA205
"
"LP476;LP475
"
"CS489A;CS489
"
"EV377;IT105
"
"ME472;MC311
"
"CY355;CY305
"
"EV388A;EV203
"
"SS473;SS357
"
"CH474;CH384
"
"CE399;CE300
"
"MC380;CH102
"
"EE377;EE302
"
"SS375;SS202
"
"CS385;MA372
"
"EV385;PH204
"
"SS384;SS357
"
"IT383;CY300
"
"LC483;LC475
"
"EV385;PH202
"
"EM420;MA206
"
"LS485;LS475
"
"LP484;LP475
"
"SS388;MA367
"
"CH472;CH481
"
"LR492;LR385
"
"CS393;CY355
"
"MA391;MA206
"
"CS482;IT350
"
"PY380;EP377
"
"MA367;MA255
"
"HI370;HI104
"
"SS490A;SS252
"
"EV301;EV300
"
"PY375;PY376
"
"DS455;SS357
"
"PL373;PL100
"
"CY300;IT155
"
"HI370;HI108
"
"ME370;MA205
"
"CS473;MA255
"
"SS372;SS252
"
"MC306;CE300
"
"PL386;PL100
"
"PY325;PY365
"
"HI385;HI104
"
"EV350;EV301
"
"EV350;EV300
"
"IT383;CS300
"
"IT383;CS301
"
"LA371;LA361
"
"LA371;LA362
"
"CE364;CE300
"
"HI367;HI108
"
"EE490;EE363A
"
"SS380;SS382
"
"SS486;SS307
"
"MC486;MC364
"
"CS483;CS481
"
"HI356;HI108
"
"PL360;PL100
"
"CS473;MA104
"
"MG379;PL100
"
"PH206;PH205
"
"SS481;SS386
"
"CS301;CS300
"
"PH206;PH201
"
"MA366;MA255
"
"PL376;PL150
"
"XE472;EE302
"
"XE472;EE301
"
"EE383;PH252
"
"EE383;PH254
"
"EE383;PH256
"
"EV385;EV350
"
"HI349;HI104
"
"EV394;MA206
"
"EE375;EE360
"
"MA396;CS105
"
"MA372;MA206
"
"CY305;IT305
"
"LZ372;LZ371
"
"MC380;ME380
"
"LC476;LC475
"
"PH361;PH206
"
"CH275;CH151
"
"SS490B;SS366
"
"PH361;PH202
"
"SS386;SS202
"
"ME480;ME312
"
"IT305;IT155
"
"MA386;IT155
"
"LF492;LF475
"
"ME388;MC312
"
"MC486;MC306
"
"CS403;CS350
"
"PL391;MA376
"
"HI347;HI154
"
"CS380;CY300
"
"MC311;MA255
"
"MC312;MC311
"
"PL386;PL150
"
"SE387;CS105
"
"MA364;MA205
"
"DS496;DS495
"
"LS486;LS385
"
"KN465;KN360
"
"PY310;PY201
"
"SS470;SS388
"
"LF372;LF371
"
"PY350;PY201
"
"LA475;LA371
"
"EV376;EV365
"
"SS494;SS251
"
"PH481;PH365
"
"HI372;HI154
"
"XE472;MA255
"
"HI368;HI104
"
"PL371;PL100
"
"HI361;HI104
"
"MA396;IT155
"
"HI361;HI108
"
"CE380;MC311
"
"HI368;HI108
"
"ME387;MC300
"
"CS473;PH255
"
"EV385;CH152
"
"SS472;SS202
"
"CS473;PH251
"
"SS377;SS252
"
"CY350;IT382
"
"MC486;ME486
"
"HI301;HI158
"
"SS370;SS252
"
"CS301;IT300
"
"XE401;IT394
"
"HI367;HI154
"
"HI355;HI154
"
"CE472;CE371
"
"EE302;PH252
"
"DS350;MS350
"
"LA475;LA362
"
"SS481;SS202
"
"LS475;LS385
"
"HI381;HI108
"
"CS473;PH203
"
"CS384;CS360A
"
"LN440F;LF362
"
"MC311;ME311
"
"LS371;LS204
"
"HI381;HI104
"
"LS484;LS475
"
"LZ371;LZ204
"
"HI395;HI158
"
"LA476;LA475
"
"LZ371;LZ361
"
"LZ371;LZ362
"
"CY450;CS484
"
"LR476;LR386
"
"LN380;LG362
"
"SS372;SS357
"
"SS485;SS202
"
"MC311;CH101
"
"SS385;SS201
"
"EE477;EE363A
"
"ME472;ME312
"
"SS478;SS307
"
"CS482;CS484
"
"HI301;HI154
"
"HI364;HI104
"
"SS493;SS386
"
"MC380;MC364
"
"SE485;SE375
"
"HI364;HI108
"
"SS374;SS252
"
"CY300;IT105
"
"KN365;PL100
"
"EE302;MA205
"
"SE375;MA376
"
"CS350;IT305
"
"MA385;MA255
"
"HI396;HI108
"
"PL391;PL386
"
"HI376;HI154
"
"HI396;HI104
"
"MA481;MA371
"
"XE475;XE472
"
"HI395;HI108
"
"MC478;CE364
"
"CS473;PH253
"
"MC300;PH201
"
"SS493;SS360
"
"MC300;PH205
"
"HI342;HI154
"
"CS393;CY300
"
"IT392;CY350
"
"CE371;ME362
"
"CS393;CY305
"
"CH375;CH151
"
"DS497;DS470
"
"CY355;IT305
"
"EE480;EE383
"
"SS490A;SS202
"
"SS366;SS307
"
"XE401;CS403
"
"DS455;SS307
"
"CE371;CE302
"
"XS391;CH152
"
"PY310;PY383
"
"CS384;CS301
"
"HI394;HI104
"
"HI344;HI108
"
"LG483;LG475
"
"HI344;HI104
"
"CY350;IT350
"
"EV377;EV203
"
"LC475;LC385
"
"CE380;CE302
"
"CE380;CE300
"
"MA381;MA205
"
"MA476;MA206
"
"CY450;CY350
"
"EV486;EV203X
"
"DS360;MS360
"
"HI337;HI154
"
"HI356;HI154
"
"HI337;HI158
"
"HI356;HI158
"
"EE302;PH256
"
"LN380;LF362
"
"CS394;CS403
"
"SS465;SS474
"
"SS480;SS252
"
"DS345;MS345
"
"EE360;EE300
"
"EE383;PH204
"
"IT355;IT155
"
"HI385;HI154
"
"SS375;SS252
"
"LG475;LG371
"
"CH474;PH206
"
"EV388A;EV399A
"
"LP371;LP204
"
"HI398;HI158
"
"SS366;SS357
"
"LA492;LA475
"
"HI398;HI154
"
"LR475;LR371
"
"LP371;LP362
"
"CH490;CH489
"
"SS477;SS484
"
"CH482;CH481
"
"EV394;MA255
"
"LP483;LP475
"
"MA387;MA383
"
"LA485;LA475
"
"SE387;IT155
"
"MA383;MA205X
"
"EV401;ME311
"
"SS390;SS382
"
"CE399;MC300
"
"CE399;MC302
"
"EE383;MA364
"
"EE301;EE350
"
"SS481;SS360
"
"PY345;PY201
"
"MA396;MA205
"
"CH485;MA366
"
"IT460;SS307
"
"HI355;HI158
"
"MA364;MA255
"
"SS374;SS202
"
"CE399;CE302
"
"HI339;HI158
"
"SS461;SS382
"
"EV372;EV365
"
"EM481;MA206
"
"HI344;HI154
"
"LA475;LA385
"
"HI339;HI154
"
"SS483;SS307
"
"LN380;LS204
"
"CS484;CS384
"
"EV385;PH205
"
"LN380;LG204
"
"EE483;PH382
"
"SS388;SS201
"
"CS473;CS384
"
"EV350;EV385
"
"MC380;CH152
"
"CE491;CE453
"
"CS473;PH201
"
"SS472;SS252
"
"SS381;SS357
"
"CS473;PH205
"
"LP372;LP371
"
"SS466;SS474
"
"LR485;LR385
"
"SS479;SS307
"
"EE360;IT105
"
"IT384;CS300
"
"LP481;LP385
"
"MC306;PH201
"
"CH474;CH371
"
"MC306;PH205
"
"LN490;LR475
"
"CH371;CH152
"
"EN374;PY201
"
"HI394;HI108
"
"CE403;CE364
"
"PH256;PH201
"
"LN380;LF204
"
"PH256;PH206
"
"PH256;PH205
"
"PY369;PY201
"
"CE380;EM362
"
"HI381;HI154
"
"IT383;IT300
"
"MC311;PH205
"
"LZ484;LZ371
"
"HI381;HI158
"
"MC311;PH201
"
"CY350;CS301
"
"EE301;EE302
"
"LF371;LF362
"
"LF484;LF475
"
"MA462;MA206
"
"LF476;LF475
"
"SS485;SS252
"
"SS376;SS252
"
"MA255;MA205
"
"EE360;CS105
"
"HI397;HI104
"
"HI397;HI108
"
"MC300;MA104
"
"CH457;CH375
"
"LA483;LA475
"
"LN380;LP362
"
"LW495;LW310
"
"CS486;EE360
"
"MA385;MA205
"
"EM481;SE481
"
"CH364;CH362
"
"XE475;EE360
"
"PL498;PL150
"
"HI357;HI108
"
"LP475;LP362
"
"SS461;SS368
"
"LR476;LR475
"
"ME481;ME387
"
"ME491;MC312
"
"MG379;PL379
"
"ME491;MC311
"
"IT305;CS155
"
"CH375;CH101
"
"LF486;LF475
"
"IT392;IT382
"
"MC306;MC300
"
"MA391;MA205
"
"MC486;MA364
"
"EV371;EV365
"
"EE381;MA206
"
"EV386;EV365
"
"EE462;EE362
"
"EE462;EE360
"
"CE493;CE404
"
"LS371;LS362
"
"SS463;SS368
"
"LW495;LW403
"
"IT305;SS252
"
"EV385;EV385B
"
"XH467;SS307
"
"SS382;MA367
"
"HI463;HI154
"
"HI337;HI108
"
"PL360;PL150
"
"CS481;CS403
"
"SS475;SS202
"
"HI397;HI158
"
"SS380;SS368
"
"HI463;HI158
"
"HI337;HI104
"
"CH385;CH102
"
"EE301;PH204
"
"MA376;MA206
"
"SS484;SS382
"
"SS383;SS307
"
"KN465;KN355
"
"PY325;PY201
"
"CS474;CS385
"
"CE492;CE404
"
"EV376;EV374
"
"MC306;PH251
"
"DS370;DS470
"
"MC306;PH255
"
"HI461;HI158
"
"SS477;SS368
"
"HI355;HI104
"
"MA396;CS155
"
"MA371;MA205X
"
"CE380;MC302
"
"CE380;MC300
"
"MA366;MA205
"
"PL386;MA376
"
"MA376;SE375
"
"ME387;MC311
"
"ME387;MC312
"
"SS381;SS252
"
"CH387;CH375
"
"CH487;CH474
"
"PY369;EP380
"
"EV478;EV203
"
"PL376;PL100
"
"SS490B;SS357
"
"EE381;MA364
"
"CS393;CS301
"
"IT355;MA206
"
"CS380;EE375
"
"SS394;SS251
"
"LF371;LF361
"
"EV371;EV371A
"
"MA391;MA255
"
"CS301;CS105
"
"EE400;XE402
"
"EE400;XE401
"
"HI370;HI154
"
"MA367;MA205
"
"CS350;CS393
"
"IT355;CS105
"
"LF485;LF475
"
"EV482;EV203
"
"HI370;HI158
"
"MA386;CS105
"
"ME370;MA255
"
"EV350;CH102
"
"CS473;MA205
"
"PH481;PH363
"
"CY305;IT105
"
"EV385;MA205
"
"IT460;IT155
"
"EE483;EE383
"
"SS372;SS202
"
"CH485;ME311
"
"MA255;MA153
"
"IT355;SS202
"
"CH400;CH365
"
"MA364;MA366
"
"MA364;MA363
"
"EE360;IT155
"
"EV350;MA255
"
"IT392;IT350
"
"EE477;EE381
"
"SE387;EM384
"
"CS384;CS360
"
"CY305;CY355
"
"EP360;PY201
"
"CH474;PH252
"
"CE450;MC300
"
"CS403;CS393
"
"SS486;SS357
"
"HI394;HI154
"
"LS475;LS362
"
"DS495;DS320
"
"HI394;HI158
"
"LN490;LF475
"
"MA367;MA371
"
"CH384;CH383
"
"SS483;SS357
"
"HI349;HI154
"
"SS477;SS388
"
"XE472;EE350
"
"CS482;CY350
"
"SE301;MA206
"
"MA461;MA206
"
"SS477;SS382
"
"SS477;SS380
"
"SS477;SS387
"
"HI349;HI158
"
"SS377;SS357
"
"HI346;HI154
"
"CE491;MA364
"
"PL482;PL350
"
"LF476;LF386
"
"SS384;SS307
"
"EV385;PH254
"
"EV385;PH255
"
"EV385;PH252
"
"HI346;HI158
"
"HI385;HI301
"
"ME472;MC312
"
"CS483;EE375
"
"CE493;CE380
"
"LR204;LR203
"
"PH361;PH256
"
"MA396;MA255
"
"EV482;EV203X
"
"PL498;PL100
"
"LG485;LG385
"
"LA472;LA385
"
"MC300;MA205
"
"PY350;PY386
"
"SE485;EM384
"
"MC306;ME306
"
"CH400;CH459
"
"CE492;CE371
"
"SS480;SS360
"
"MA367;MA381
"
"PL391;PL390
"
"EV373;EV365
"
"CY300;CS301
"
SS366;SS252
