LC204;LC371   
LC371;LC372   
LC362;LC475   
LC371;LC475   
LC483;LC484   
LC362;LN440C  
EV365;EV372   
HI104;HI337   
HI108;HI337   
HI154;HI337   
HI158;HI337   
HI104;HI347   
HI108;HI347   
HI154;HI347   
HI158;HI347   
SS202;SS372   
SS252;SS372   
SS202;SS374   
SS252;SS374   
SS307;DS455   
SS357;DS455   
EV203;EV365   
EV203X;EV365   
EV365;EV372   
EV203;EV482   
EV203X;EV482   
HI104;HI337   
HI108;HI337   
HI154;HI337   
HI158;HI337   
HI108;HI344   
HI154;HI344   
HI158;HI344   
HI104;HI344   
HI104;HI347   
HI108;HI347   
HI154;HI347   
HI158;HI347   
HI104;HI358   
HI108;HI358   
HI154;HI358   
HI158;HI358   
HI108;HI381   
HI154;HI381   
HI158;HI381   
HI104;HI381   
HI104;HI391   
HI108;HI391   
HI154;HI391   
HI158;HI391   
SS202;SS366   
SS252;SS366   
SS202;SS372   
SS252;SS372   
SS202;SS374   
SS252;SS374   
SS202;SS381   
SS252;SS381   
SS307;SS465   
SS357;SS465   
SS202;SS475   
SS252;SS475   
SS307;SS479   
SS360;SS479   
SS357;SS479   
SS360;SS479   
SS382;SS484   
SS388;SS484   
SS307;SS486   
SS357;SS486   
SS307;SS487   
SS357;SS487   
