MA206;EM420   
MA206;SE385   
SE301;SE385   
EV203;EV365   
EV203X;EV365   
PL100;PL361   
PL150;PL361   
PL100;PL371   
PL150;PL371   
PL100;PL383   
PL150;PL383   
PL371;PL384   
PL100;PL392   
PL150;PL392   
PL300;PL398   
PL350;PL398   
SS202;SS381   
SS252;SS381   
MA206;SS368   
MA255;SS382   
SS251;SS382   
MA205;SS382   
SS201;SS382   
MA205;SS382   
SS251;SS382   
MA255;SS382   
SS201;SS382   
SS201;SS388   
SS251;SS388   
SS201;SS394   
SS251;SS394   
SS388;SS470   
SS251;SS494   
SS394;SS494   
SS201;SS494   
SS394;SS494   
MG420;MG421   
CH101;CH102   
CH151;CH102   
CH101;CH275   
CH151;CH275   
PH201;PH206   
PH205;PH206   
PH251;PH206   
PH255;PH206   
PH205;PH256   
PH255;PH256   
PH201;PH256   
PH251;PH256   
IT105;CY305   
IT155;CY305   
IT105;CY355   
IT155;CY355   
IT105;CY305   
IT155;CY305   
IT105;CY355   
IT155;CY355   
PL100;MG379   
PL150;MG379   
