MA206;SS368   
MA255;SS382   
SS251;SS382   
MA205;SS382   
SS201;SS382   
MA205;SS382   
SS251;SS382   
MA255;SS382   
SS201;SS382   
SS201;SS388   
SS251;SS388   
SS368;SS380   
SS382;SS380   
SS382;SS387   
SS382;SS387   
SS201;SS387   
SS368;SS387   
SS382;SS387   
SS251;SS387   
SS368;SS387   
SS201;SS387   
SS360;SS387   
SS382;SS387   
SS251;SS387   
SS360;SS387   
SS382;SS484   
SS388;SS484   
MA206;SS364   
SS368;SS380   
SS382;SS380   
SS201;SS385   
SS251;SS385   
SS382;SS387   
SS382;SS387   
SS201;SS387   
SS368;SS387   
SS382;SS387   
SS251;SS387   
SS368;SS387   
SS201;SS387   
SS360;SS387   
SS382;SS387   
SS251;SS387   
SS360;SS387   
SS201;SS394   
SS251;SS394   
SS368;SS461   
SS382;SS461   
SS368;SS463   
SS382;SS463   
MA476;SS469   
SS368;SS469   
SS388;SS470   
SS382;SS484   
SS388;SS484   
SS307;SS487   
SS357;SS487   
SS201;SS490D  
SS251;SS490D  
SS251;SS494   
SS394;SS494   
SS201;SS494   
SS394;SS494   
SS368;SS497   
SS360;SS497   
MA104;MA205   
MA153;MA255   
MA206;EM420   
EV203;EV365   
EV203X;EV365   
EV365;EV371   
EV365;EV372   
EV365;EV373   
EV365;EV375   
EV365;EV376   
EV365;EV384   
EV365;EV386   
EV203;EV391A  
EV203X;EV391A  
HI104;HI342   
HI108;HI342   
HI154;HI342   
HI158;HI342   
HI108;HI344   
HI154;HI344   
HI158;HI344   
HI104;HI344   
HI104;HI364   
HI108;HI364   
HI154;HI364   
HI158;HI364   
HI104;HI367   
HI108;HI367   
HI154;HI367   
HI158;HI367   
HI104;HI372   
HI108;HI372   
HI154;HI372   
HI158;HI372   
HI104;HI396   
HI108;HI396   
HI154;HI396   
HI158;HI396   
MA205;MA371   
MA255;MA371   
MA206;MA376   
MA205;MA381   
MA255;MA381   
MA383;MA387   
MA206;MA476   
MA371;MA481   
MA206;MA490   
MA487;MA493E  
PL100;PL373   
PL150;PL373   
PL100;PL383   
PL150;PL383   
PL100;PL386   
PL150;PL386   
MA205;PL396   
PL100;PL396   
MA153;PL396   
PL100;PL396   
MA206;SE385   
SE301;SE385   
IT105;SE387   
IT155;SE387   
CS105;SE387   
CS155;SE387   
MA206;SE388   
SE387;SE388   
SS202;SS376   
SS252;SS376   
SS202;SS386   
SS252;SS386   
SS307;SS464   
SS307;SS465   
SS357;SS465   
SS465;SS466   
SS474;SS466   
SS307;SS473   
SS357;SS473   
SS202;SS475   
SS252;SS475   
SS202;SS480   
SS360;SS480   
SS386;SS480   
SS252;SS480   
SS360;SS480   
SS386;SS480   
SS202;SS481   
SS360;SS481   
SS386;SS481   
SS252;SS481   
SS360;SS481   
SS386;SS481   
SS307;SS483   
SS357;SS483   
SS484;SS477   
SS368;SS477   
SS382;SS477   
SS388;SS477   
SS380;SS477   
SS387;SS477   
CH101;CH102   
CH151;CH102   
CH101;CH275   
CH151;CH275   
PH201;PH206   
PH205;PH206   
PH251;PH206   
PH255;PH206   
PH205;PH256   
PH255;PH256   
PH201;PH256   
PH251;PH256   
IT105;CY305   
IT155;CY305   
IT105;CY355   
IT155;CY355   
IT105;CY305   
IT155;CY305   
IT105;CY355   
IT155;CY355   
SS484;SS477   
SS368;SS477   
SS382;SS477   
SS388;SS477   
SS380;SS477   
SS387;SS477   
