IT105;EM384   
IT155;EM384   
CS105;EM384   
CS155;EM384   
SE301;SE370   
IT155;SE370   
SE301;SE370   
SE300;SE370   
CS105;SE370   
SE301;SE370   
CS155;SE370   
SE301;SE370   
IT105;SE370   
SE300;SE370   
CS155;SE370   
SE300;SE370   
IT105;SE370   
SE300;SE370   
IT155;SE370   
CS105;SE370   
MA206;SE385   
SE301;SE385   
MA104;MA205   
MA153;MA255   
MA205;MA363   
MA255;MA363   
MA205;MA371   
MA255;MA371   
MA206;MA372   
MA205;MA391   
MA255;MA391   
MA206;MA462   
MA206;MA464   
MA206;SE375   
PL100;PL392   
PL150;PL392   
PL300;PL398   
PL350;PL398   
MA206;EM420   
MA206;EM481   
EV203;EV391B  
MA206;EM420   
MA206;EM481   
SS307;DS455   
SS357;DS455   
EM384;SE485   
MA376;SE485   
SE375;SE485   
SS307;SS464   
SS307;SS465   
SS357;SS465   
SS202;SS481   
SS360;SS481   
SS386;SS481   
SS252;SS481   
SS360;SS481   
SS386;SS481   
SS307;SS483   
SS357;SS483   
MA206;MA476   
MA206;SS368   
SS201;SS385   
SS251;SS385   
MA476;SS469   
SS368;SS469   
SS251;SS494   
SS394;SS494   
SS201;SS494   
SS394;SS494   
IT105;CY300   
IT155;CY300   
IT105;CY350   
IT155;CY350   
CY305;CY350   
CY355;CY350   
CS484;CY450   
CY350;CY450   
IT105;IT460   
SS307;IT460   
IT105;IT460   
SS357;IT460   
IT155;IT460   
SS307;IT460   
IT155;IT460   
SS357;IT460   
MA206;EM420   
EV203;EV365   
EV203X;EV365   
EV365;EV371   
EV365;EV372   
EV365;EV373   
EV365;EV375   
EV365;EV376   
EV365;EV384   
EV365;EV386   
EV203;EV398   
EV203X;EV398   
HI104;HI339   
HI108;HI339   
HI154;HI339   
HI158;HI339   
HI104;HI345   
HI108;HI345   
HI154;HI345   
HI158;HI345   
HI154;HI346   
HI158;HI346   
HI104;HI346   
HI108;HI346   
HI104;HI347   
HI108;HI347   
HI154;HI347   
HI158;HI347   
HI104;HI348   
HI108;HI348   
HI154;HI348   
HI158;HI348   
HI104;HI358   
HI108;HI358   
HI154;HI358   
HI158;HI358   
HI104;HI372   
HI108;HI372   
HI154;HI372   
HI158;HI372   
HI108;HI381   
HI154;HI381   
HI158;HI381   
HI104;HI381   
HI104;HI398   
HI108;HI398   
HI154;HI398   
HI158;HI398   
HI104;HI463   
HI108;HI463   
HI154;HI463   
HI158;HI463   
SS202;SS366   
SS252;SS366   
SS202;SS372   
SS252;SS372   
SS202;SS374   
SS252;SS374   
SS202;SS375   
SS252;SS375   
SS202;SS377   
SS252;SS377   
SS307;SS378   
SS357;SS378   
SS202;SS381   
SS252;SS381   
SS202;SS383   
SS252;SS383   
SS202;SS384   
SS252;SS384   
SS307;SS473   
SS357;SS473   
SS202;SS485   
SS252;SS485   
SS307;SS486   
SS357;SS486   
MA205;MA391   
MA255;MA391   
MA206;MA461   
MA206;MA462   
MA206;MA464   
SS307;SS476   
SS357;SS476   
MA206;SS364   
SS201;SS394   
SS251;SS394   
SE388;SE402   
EM384;SE402   
SE301;SE403   
SE388;SE403   
SE402;SE403   
CH101;CH102   
CH151;CH102   
CH101;CH275   
CH151;CH275   
PH201;PH206   
PH205;PH206   
PH251;PH206   
PH255;PH206   
PH205;PH256   
PH255;PH256   
PH201;PH256   
PH251;PH256   
IT105;CY305   
IT155;CY305   
IT105;CY355   
IT155;CY355   
IT105;CY305   
IT155;CY305   
IT105;CY355   
IT155;CY355   
IT105;EM384   
IT155;EM384   
CS105;EM384   
CS155;EM384   
SE388;SE402   
EM384;SE402   
SE301;SE403   
SE388;SE403   
SE402;SE403   
