LA204;LN380   
LS204;LN380   
LF204;LN380   
LC204;LN380   
LG362;LN380   
LR362;LN380   
LP362;LN380   
LS362;LN380   
LG204;LN380   
LP204;LN380   
LR204;LN380   
LA362;LN380   
LC362;LN380   
LF362;LN380   
LR204;LN440R  
LR204;LR371   
LR371;LR372   
LR362;LR475   
LR371;LR475   
LR385;LR486   
LR475;LR486   
LR385;LR492   
LC203;LC204   
LC204;LC371   
LC371;LC372   
LC362;LC475   
LC371;LC475   
LC483;LC484   
SS307;DS455   
SS357;DS455   
EV203;EV365   
EV203X;EV365   
EV365;EV371   
HI108;HI344   
HI154;HI344   
HI158;HI344   
HI104;HI344   
HI104;HI358   
HI108;HI358   
HI154;HI358   
HI158;HI358   
HI104;HI367   
HI108;HI367   
HI154;HI367   
HI158;HI367   
HI108;HI381   
HI154;HI381   
HI158;HI381   
HI104;HI381   
HI104;HI391   
HI108;HI391   
HI154;HI391   
HI158;HI391   
SS202;SS366   
SS252;SS366   
SS202;SS375   
SS252;SS375   
SS202;SS381   
SS252;SS381   
SS201;SS385   
SS251;SS385   
SS307;SS465   
SS357;SS465   
LA475;LN490   
LC475;LN490   
LF475;LN490   
LG475;LN490   
LP475;LN490   
LR475;LN490   
LS475;LN490   
CH101;CH102   
CH151;CH102   
CH101;CH275   
CH151;CH275   
PH201;PH206   
PH205;PH206   
PH251;PH206   
PH255;PH206   
PH205;PH256   
PH255;PH256   
PH201;PH256   
PH251;PH256   
IT105;CY305   
IT155;CY305   
IT105;CY355   
IT155;CY355   
IT105;CY305   
IT155;CY305   
IT105;CY355   
IT155;CY355   
LA204;LN380   
LS204;LN380   
LF204;LN380   
LC204;LN380   
LG362;LN380   
LR362;LN380   
LP362;LN380   
LS362;LN380   
LG204;LN380   
LP204;LN380   
LR204;LN380   
LA362;LN380   
LC362;LN380   
LF362;LN380   
