LR204;LN440R  
LR204;LR371   
LR371;LR372   
LR362;LR475   
LR371;LR475   
LR385;LR486   
LR475;LR486   
LR385;LR492   
EV365;EV371   
HI104;HI367   
HI108;HI367   
HI154;HI367   
HI158;HI367   
SS202;SS375   
SS252;SS375   
SS307;DS455   
SS357;DS455   
EV203;EV365   
EV203X;EV365   
EV365;EV371   
EV203;EV482   
EV203X;EV482   
HI108;HI344   
HI154;HI344   
HI158;HI344   
HI104;HI344   
HI104;HI358   
HI108;HI358   
HI154;HI358   
HI158;HI358   
HI104;HI367   
HI108;HI367   
HI154;HI367   
HI158;HI367   
HI108;HI381   
HI154;HI381   
HI158;HI381   
HI104;HI381   
HI104;HI391   
HI108;HI391   
HI154;HI391   
HI158;HI391   
SS202;SS366   
SS252;SS366   
SS202;SS375   
SS252;SS375   
SS202;SS381   
SS252;SS381   
SS307;SS465   
SS357;SS465   
SS202;SS475   
SS252;SS475   
SS307;SS479   
SS360;SS479   
SS357;SS479   
SS360;SS479   
SS382;SS484   
SS388;SS484   
SS307;SS486   
SS357;SS486   
SS307;SS487   
SS357;SS487   
